Side,count,mean,sum
BUY,102696,36.10472954372128,3707811.305222
SELL,108528,60.71380324168878,6589147.638214
